Sample;pressure;PLC
1;-0.503048866;0
1;-1.004350137;6.273760519
1;-1.520766175;27.79992435
1;-2.042425588;39.7906005
1;-2.581467556;47.42422144
1;-3.063503152;58.98991327
1;-3.565939188;76.48819418
1;-4.04313816;85.89931435
1;-4.508465536;91.75521835
1;-5.102386969;97.33953427
1;-6.15791021;99.09792207
2;-0.484541467;0
2;-1.006493286;1.980513397
2;-1.524449755;14.73468715
2;-2.0223709;39.18402485
2;-2.585379848;57.81424922
2;-3.080921427;74.17654402
2;-3.629462599;93.50501074
2;-4.019512361;95.87266556
2;-4.57720956;99.29394404
3;-0.507292195;0
3;-0.984632315;4.844828613
3;-1.520872653;32.05573202
3;-2.052503756;58.34644298
3;-2.629674429;86.09121859
3;-3.071435946;92.63806569
3;-3.560732851;98.30723069
3;-4.080364531;99.50623497
4;-0.500933885;0
4;-0.999498967;20.09409362
4;-1.545778681;27.02356966
4;-2.005870271;35.35083206
4;-2.595637406;42.75700045
4;-3.069592532;57.0965668
4;-3.574263172;70.76237
4;-4.10450255;96.68359873
4;-4.561327128;98.36340567
5;-0.507615934;0
5;-1.025043027;2.267410911
5;-1.526574849;13.27167479
5;-2.055528099;33.19199181
5;-2.572607835;37.40308995
5;-3.066270326;54.58829485
5;-3.560989852;71.31267458
5;-4.151713003;92.61035211
5;-4.544417315;97.97875664
5;-5.057675776;99.22789336
